entityId,entityIndex,processId,creationTime,startBlock,endBlock
359e67ac4c5311cbd6571a20eaf6e879a466d154,1,53f31a0fb02a3ea7467e80ad250d43c935d3dc15924c407852d56cf8afb4fcde,2021-05-12T15:23:16Z,41,541
f0f8d83cdab2f9514bef0319f1b434267be36b5c,1,bf022de42ef2d7a5f9d9b2737843dfc88cf93253966124097a10188385b4a09c,2021-05-12T15:26:01Z,39553,110179
f0f8d83cdab2f9514bef0319f1b434267be36b5c,3,fe20607cf3f94060b3edc5d2ece161557d7359d10eb84fb8c25efec057dd1fb7,2021-05-12T15:26:01Z,40945,110178
f0f8d83cdab2f9514bef0319f1b434267be36b5c,2,853f582a39dbb70c48468a1685fac0d9b901a3014a75eb25c006735fd62c27ad,2021-05-12T15:26:01Z,43325,168676
f0f8d83cdab2f9514bef0319f1b434267be36b5c,4,631ada2c7b2fc4d5cb2a6cb68d945565d1471956becf6382b29cf1fe6037c1f6,2021-05-12T15:26:01Z,317,71897
f0f8d83cdab2f9514bef0319f1b434267be36b5c,5,a1c52ab1bbb81185d37ea5c80af2691e32b598a2a9039380ead025a81a87bcb5,2021-05-12T15:31:01Z,2686,61154
f0f8d83cdab2f9514bef0319f1b434267be36b5c,6,9a20ab76d743e2d787e8b11118a2ad7f6dc99c3faa0419953f08b57ac2bdb772,2021-05-12T15:36:53Z,2686,77860
f0f8d83cdab2f9514bef0319f1b434267be36b5c,7,c3e08a1c1e9bddd1100c1869185f7e9ae3cf215ce1db48201cfae648ce437391,2021-05-12T15:40:41Z,2686,127976
5592ec0cfb4dbc12d3ab100b257153436a1f0fea,1,8dc72483bf19b9f778c871574fc14b294de65c1e2c5437c2b9223f43f650dad0,2021-05-12T15:48:16Z,225,307
f0f8d83cdab2f9514bef0319f1b434267be36b5c,8,5bb213ec7c36bb6187fab7c5893c35c7b319850cf17c6a401d56805f9e6b5e14,2021-05-12T15:52:15Z,2686,136328
5592ec0cfb4dbc12d3ab100b257153436a1f0fea,2,6ce4a6de41baf8246c2b1affebf4d1c759bb6148abecf4e3f6315798a5f6d03d,2021-05-12T20:46:08Z,1955,2115
8605d9f7e19e4568944640c7c95693d950f2daf3,1,fb7bd01987e1d8bb0ad5eb8b65e26fcbdd56787f33bc9ba98e3f9b5a21afebe2,2021-05-12T20:52:10Z,1954,62434
e4172d4bff7a12dc02b69bf542f0f6aa5b62df68,1,c18cd531c2f3c1d9cbada0d23eb36b424e11c4665caeada544b0b5a8b83a3fda,2021-05-12T21:08:22Z,2069,68861
8c8a5f4d994eba4b36a3cb0ab04a66a72d961483,1,f3f42e1db4a38c78956fd5284c488f0ddca6f2996ae279e17b75abefc14f0f53,2021-05-12T21:42:41Z,2239,2739
8d11b04f011395cc5b7fba177d150f5754adafa4,1,28b9fdeed6afc1416244513f95c37baa035f95b008ad1f228c2d8c639b69c53b,2021-05-12T21:44:03Z,2247,2747
fb36170605f23ddd26b146ccd8d3f16f5c738535,1,78364fdd52145ea9ba6ab6d593303627b5dea9867d1500949ac4cf8effe0b80d,2021-05-13T02:28:49Z,3927,70719
0072f8eb750b468ce11de996cae5080f88568339,1,47c2e84bf4372606276348a6a88048ae24c08a11f4eefd78764838f6db4678ef,2021-05-13T12:41:46Z,7483,74275
ed1d79d82e84514d8aeb11f8fed8c207303efb01,1,48dd26ca7371e65b3e9e21f9b51a5bcc82c63883b1d144b941a5aa6df2cd559d,2021-05-13T13:15:00Z,7644,8144
5592ec0cfb4dbc12d3ab100b257153436a1f0fea,3,5bb5b6c31f952d43fe0adadae15ef87461ed99ac30b29d67cf0d886793e67cd5,2021-05-13T13:18:47Z,7699,7759
8605d9f7e19e4568944640c7c95693d950f2daf3,2,79deb440d9fcabd3567dda51b3a1c9ac87d1acb6d50cd47eacb3942309e733ae,2021-05-13T14:33:59Z,8115,68595
8605d9f7e19e4568944640c7c95693d950f2daf3,3,16008dc7930721c4aaf6bc30580657faf3ff125d3ebb49efd2cd84c9403ed663,2021-05-13T14:35:11Z,8123,68603
af4c894863b45f3d450b31f96954da2fea672bfa,1,35fb0d73a5092a143a9c628f5f43b10b226cb3f48721a11df5e03e08229b3e7b,2021-05-13T14:50:01Z,8195,8695
fb36170605f23ddd26b146ccd8d3f16f5c738535,2,2f976d5cbc12cadd99dc8c57a0876adae3d3d2d361a556a048ba48f73e299138,2021-05-13T15:23:23Z,8413,75205
84daf34664b213d7a8ca31296e386fdb6f693362,1,e31bd1eaaa079705898318844e5cfbc99406796621543a97804c0d042f6d2b6c,2021-05-13T15:48:23Z,8531,9031
ab819bfa4a6d2c1d1686b67f54cf72df69f62d66,1,abd6d0baa49441db423cb8aa128649a1b178cba6937aadf990073de2cae0bd5c,2021-05-13T15:49:25Z,8537,9037
03051caccb6096e52da82c015cd0aaec2133f640,1,b0511ee394d6e3858a53cfd5fa6340debaa5a6f1fbfe6a7fae4454c082ee5048,2021-05-13T15:50:17Z,8542,9042
8605d9f7e19e4568944640c7c95693d950f2daf3,4,6a285e4e1c8d1eaef1b7aa5f1515e5b546d609b23ee511abf50800aa96ae08c4,2021-05-13T15:51:19Z,8554,69034
8605d9f7e19e4568944640c7c95693d950f2daf3,5,02d2552275109ce16bfa28555d95aea8c5bcdbdeca1f56316c1f8c3068d5e4e9,2021-05-13T15:54:36Z,8564,69044
f133591af293a643346df08d51620fb7e3af08c3,1,9c5562a4840537b84a5a57a4a050e9f8e5f2cdfcd13d2694389315d1a45d064f,2021-05-13T15:56:09Z,8576,9076
5cd2dd081bfab5b99363eee9dd712ba446e8218e,1,7bbe11efa4597621c26a8b3ea3fe5e3ae1cc457e3b17ea4b5ceb64fd07931199,2021-05-13T15:57:11Z,8582,9082
f887ae647fedae2e5bd0e9ceaed69ed4e89b7935,1,fbdf7c83153d889d1683ba3c286b2dc5025d1e75a20464acbd1f3b5098111212,2021-05-13T15:59:56Z,8597,9097
e50a97585b8a530677a0402e8df7e1424e3a31f7,1,16ef4d7af7489d8fbe113e6dcb58e9aeb5deac49a83b9e1efee5770814eacaa8,2021-05-13T16:10:00Z,8655,9155
2811f8f44c7f4d8d7e50d795f962c1d98df1f7c4,1,85f3a5394c7e186ab5172e7a1d1dfa7c5b7e707b06b31c8f36e10e9c670014d2,2021-05-13T16:45:46Z,8831,9331
e95226ab61be1eab06fa3dea5f556e6d4a8500b4,1,a5d79fbbd4054e40ebab3278647d7bab83afaecba7535fa2fec3eaad12d18af1,2021-05-13T16:50:40Z,8855,9355
7551500f28ba9c27a76f96f42260429a835768b3,1,60ffb0579efe26c8ac68f6b15fc7467846db9b5770ba72fae706cede9683ad69,2021-05-13T16:53:06Z,8867,9367
9f3f676430c0cca8ea9646b81fba2b197b990ec4,1,c74e2c141cfe5b961ea215f77f788af2c9478d63b065361fbb23114a53295f6d,2021-05-13T17:53:31Z,9160,9660
1a1bebc88a97bce8490016583becfd35dcb0b996,1,a50d3d70ee30c19ab67acb4ad413d64a30882cfdf3003e3e1cb0d421d9fb904d,2021-05-13T18:00:46Z,9193,9228
43e2022f49203143522c167e2d53931c3da08dc1,1,359ee78d420042aa3d9b8bb6c644009257854d7ea19e3ab93296351a9ece828c,2021-05-13T18:03:08Z,9203,9238
708c9789e5773b6ab2abd21e3fcd8cdea305e1eb,1,3750b1b1fd7214d9d4a54b287695aaf100166ad8c1b2d283eaed43e5750aea78,2021-05-13T18:05:47Z,9212,9247
2051990089c31b553513ea7bf0ad0c7998152f74,1,c1cb6d136575cbd3369f8fe92589bf032f180737cc9552dcc889fb2e423b0ad1,2021-05-13T18:07:39Z,9219,9254
8ab75644f8a9833ede4a84fb2079e996979aed2d,1,d8a59033607aa17bc678412c6c7c2cee9c84edeaf3e7f442ac0aa4d2487d20b1,2021-05-13T18:23:03Z,9310,57674
dafecc98b9a363c4727bf3f985426c961bc4402a,1,7593715d59feba44813eb62f4dcbf0b1f7a349216b22df640d56ca994230c7ad,2021-05-13T21:08:24Z,10102,10602
8ab75644f8a9833ede4a84fb2079e996979aed2d,2,bfe069d5bd3dc1da4ea036df504718e3a7eb8e59916ab47457525adb75acf2a4,2021-05-13T22:11:17Z,10435,67052
8ab75644f8a9833ede4a84fb2079e996979aed2d,3,cca918ed7af97968d6a76d0bb0e910a2014143852e3ba5b35d95629878000fd6,2021-05-14T00:52:17Z,11219,68794
50e66c216ae957a3e1ce104519d444b8793e5c89,1,9e6460ca76c20d69a1fbc1b0cf3bbf58d9d16091508e41d7fb236af39a34d5e1,2021-05-14T11:11:55Z,14353,14853
b4cca7542533d8c45bcdb6c6afa35712c93414cb,1,ded3fc4a704db310969c6d0319570bc551f97e554cc308689b69fc75979bba8d,2021-05-14T11:16:55Z,14382,14882
71ffcd70b9b5d6824bcc5cfa600001127fcde1fc,1,bc29cb784d6c087415e46200fd1df6e6e2389eb3059cd66f19e86a3e7d029745,2021-05-14T14:16:12Z,15445,82240
f0f8d83cdab2f9514bef0319f1b434267be36b5c,9,cd907b1c864b6efd2be76bbda00ab768b1258a3117c3f3c7d84f7a281fe54386,2021-05-14T15:19:30Z,16363,127036
233c1a93333fc9dd52785ff4e935868b4d2c6a36,1,e2eeb94d99d3ef08687f6ca5d8a28b5882c6956a288bf19376db0ab0d50bf39a,2021-05-14T21:47:07Z,18058,84818
233c1a93333fc9dd52785ff4e935868b4d2c6a36,2,06a7ad7b171df55ed3a950cf358cd7acf346df9563e2731c8c97b1dfacc06c51,2021-05-14T22:05:03Z,18165,84925
233c1a93333fc9dd52785ff4e935868b4d2c6a36,3,168c95cd8efad7400ca4ace2aeb2319bed014e25960b012ed03b0cdfce137823,2021-05-14T22:19:32Z,18248,85007
bbb6e002bbf0b4509813474841e0716e6730136f,1,d25916c3c82661506915826ed1e1bad59cafa9881e400bfdca52fadd5a03362a,2021-05-14T23:22:16Z,18890,19090
f0f8d83cdab2f9514bef0319f1b434267be36b5c,10,a40b25fdcf87dad4c455db5db9c032539f718b0456c61a4f7d265290a3260153,2021-05-17T13:59:36Z,40401,68587
1f9840a85d5af5bf1d1762f925bdaddc4201f984,1,3dc940e254c56eaf9e30c0d1ad2ae3937b26b5597cf402949d011056ecc52e52,2021-05-17T17:02:07Z,41472,41598
5592ec0cfb4dbc12d3ab100b257153436a1f0fea,4,3f93c18c2ebf9959bc743fbae998c2e70702da62c44f327eccf28350d673c145,2021-05-17T20:08:58Z,42544,42817
c778417e063141139fce010982780140aa0cd5ab,1,da59f0da6b18f1b295934bf8932c0a9105872264e9d9d3d2722d6f9f7f219acf,2021-05-18T09:37:08Z,47255,118374
f0f8d83cdab2f9514bef0319f1b434267be36b5c,11,0fd4fd41659434f69f92d94a9c0e638116e634e8ad52b0429a16244bb5d61847,2021-05-18T15:55:38Z,51868,102008
f0f8d83cdab2f9514bef0319f1b434267be36b5c,12,3482da485fc662fe660cf79aa98e10067ef66f9bd59e73305876af6258c54dc9,2021-05-18T16:00:07Z,51868,102008
2a910a299d9485a10a1c870aee96cee2391015ec,1,81c70f123c87c82b455ad3c99f061ee2e3dce87256e85a6e81f6ec93d6b3c3fb,2021-05-19T14:08:31Z,57161,67879
2a910a299d9485a10a1c870aee96cee2391015ec,2,9aaaa9c70310e24b6bc078bbb6ec20a85208295972b06f64df9323ac94d0ddaa,2021-05-19T14:35:14Z,57312,67879
1f9840a85d5af5bf1d1762f925bdaddc4201f984,2,6a9cdd400ce0e8f704dfcd9df291d9ecf2dcd7905f6b98600d3fea0917d22bb5,2021-05-19T16:08:47Z,59174,110011
2a910a299d9485a10a1c870aee96cee2391015ec,3,555eb0f037581ca4d3623050d802fde569a0420dce18c3b9449fa5872f0a0d38,2021-05-19T17:43:34Z,58443,60219
a73c170e8c8cc3fe15146f0f8d66562f00c14ad2,1,3bb296a9640f93f0e89b74d931770eed6e40ba82f59f583f8d150d06ff003718,2021-05-20T10:42:14Z,64338,68572
a73c170e8c8cc3fe15146f0f8d66562f00c14ad2,2,8204e2268d3e33aaedb0a1697191bef805702b9a4b1597dc179510daaed2d498,2021-05-20T10:46:23Z,64367,68572
1f9840a85d5af5bf1d1762f925bdaddc4201f984,3,192d6ceecb9dda65373da59a8e77c7e5ee2ae862315da4255ae4662ef329c447,2021-05-20T10:50:00Z,68224,126711
1f9840a85d5af5bf1d1762f925bdaddc4201f984,4,f56a6b560fb40f386fdb92d576fa60cb4d96095d826e256dd43dfb5df489199d,2021-05-20T10:58:16Z,68226,126711
1f9840a85d5af5bf1d1762f925bdaddc4201f984,5,a59e2873cc0a73ac48beeaa8d5c34d6923a334a08364e04cd55c726d3d52fe49,2021-05-20T11:06:33Z,68225,118355
1f9840a85d5af5bf1d1762f925bdaddc4201f984,6,e9413deb93b12fa42936fcd9b546a4ede0c4bdb3c489c3699839a502154f66cf,2021-05-20T16:52:33Z,66457,68220
f0f8d83cdab2f9514bef0319f1b434267be36b5c,13,257c2b78a70e555db32a3ec43f146464810e933a3150722fe44615c046559969,2021-05-21T09:18:52Z,72167,72191
f0f8d83cdab2f9514bef0319f1b434267be36b5c,14,b080ed33aacd30979f1c64298ed10e930288b8de4dca44caec345efcfc73f818,2021-05-21T09:34:30Z,72253,72277
f0f8d83cdab2f9514bef0319f1b434267be36b5c,15,fb03a49e2f68f5af2da523d68b8168f7f5a1604c39a0ec5a090783ba917ecd7d,2021-05-21T09:38:28Z,72276,72300
f0f8d83cdab2f9514bef0319f1b434267be36b5c,16,ad8bcef2dbab64f571dbd4e71550bc1b7607613d790b4b9171342083e3f18f3f,2021-05-21T09:39:50Z,72282,72306
f0f8d83cdab2f9514bef0319f1b434267be36b5c,17,4a63bb8c2cb50e37218c8c163272e8d5696f212e6fb8e5443c82ad3a0b4dfa4e,2021-05-21T09:41:44Z,72295,72319
f0f8d83cdab2f9514bef0319f1b434267be36b5c,18,3c63a1068dff3a1d0818005845980b5c78950c27bec975da0f7eae5a25b99756,2021-05-21T09:42:36Z,72299,72323
f0f8d83cdab2f9514bef0319f1b434267be36b5c,19,226bc1aa5b099456259ffbb30c7ff7b5f93783909829c02e40a1d4f593ce7406,2021-05-21T09:42:57Z,72302,72326
f0f8d83cdab2f9514bef0319f1b434267be36b5c,20,5c47cf6da4127781644aa7cfd74f6b2ab4df94ca68297fbacd89e3967c52525d,2021-05-21T09:45:52Z,72318,72342
f0f8d83cdab2f9514bef0319f1b434267be36b5c,21,68a83cf94a0fccab46764fa71a1e67ce281fa17f5a144cfd1ced18be337c4b70,2021-05-21T09:46:54Z,72324,72348
f0f8d83cdab2f9514bef0319f1b434267be36b5c,22,e0c660b823335a78c9642c8eca39e5858b10c7660737b5a9e763ccf49efa31e3,2021-05-21T09:48:07Z,72332,72356
f0f8d83cdab2f9514bef0319f1b434267be36b5c,23,ec82b93e878b643f8d582187f96d785dc16a2ad708282608ef69f3b6981ca953,2021-05-21T09:52:15Z,72336,72360
f0f8d83cdab2f9514bef0319f1b434267be36b5c,24,c49ac3a7c1f0043bbf7cb266e1ff34887133dcbf2ac7a4d6911dc9021a3273b1,2021-05-21T09:53:27Z,72343,72367
f0f8d83cdab2f9514bef0319f1b434267be36b5c,25,87c3cad7801e9276674492bb6416f849a807aad99ed2849527814729f954a0ca,2021-05-21T09:54:39Z,72350,72374
f0f8d83cdab2f9514bef0319f1b434267be36b5c,26,a09174c6a66ab2a9fa9c9c23adbf686e895decd1293fbabb255fe54e259d41b0,2021-05-21T10:02:35Z,72395,72401
f0f8d83cdab2f9514bef0319f1b434267be36b5c,27,4de6bee49c27de048f117fc9747eb9264338021f2bf5f84a134d6f3b2bfa9e57,2021-05-21T10:14:18Z,72464,72470
f0f8d83cdab2f9514bef0319f1b434267be36b5c,28,44a8f05af015a5b5d39610b8dd062443c501d812eb57f232c1fbbf71cdd08dfc,2021-05-21T10:53:16Z,72693,72699
8605d9f7e19e4568944640c7c95693d950f2daf3,6,6bf6707c6379a0792c0daebec1e197b0a9d648fd01d8451dfa4d105936a82ce8,2021-05-21T10:58:36Z,72734,133214
a73c170e8c8cc3fe15146f0f8d66562f00c14ad2,3,0a1f76769c4205b7fb0aa9d3ddd598c5fc05418d96965027a2f6b2e38b9958c2,2021-05-21T11:02:14Z,72776,76900
1f9840a85d5af5bf1d1762f925bdaddc4201f984,7,b6456f932579c82e7f0dd8603b9c2ee0a1337012173fc6c6e8e0596f49b747ad,2021-05-21T14:45:06Z,240658455,242696854
f0f8d83cdab2f9514bef0319f1b434267be36b5c,29,7094748db671745e133bf4636b531e3695b50a56e6adb97eadca143db909574d,2021-05-22T09:32:29Z,80590,127017
f0f8d83cdab2f9514bef0319f1b434267be36b5c,30,adf99c92d04fed030137112f3e5a5c6be1e2db1e7309e7ca75b03dd100cea7d9,2021-05-22T09:48:21Z,80677,135380
0047067135163871c56a0b50dd408effd64de0f7,1,adecec4e10eed39ec7618c4bcd05f687833349b31bb762824c1176d08d43939e,2021-05-22T14:35:00Z,82326,82826
b61378ec9ace7eb5c1b3c261f53dda71c22a3d8d,1,208f36b96de3de3f369efaa92f20f30871c433e65874015fb9c4e451fbae6905,2021-05-22T15:00:27Z,82471,82971
6916f23e9376d0ba2ed3af488128e64eb4699341,1,c68f38a67c71869eca9c35dc20b76d9e6bbcbc9d6df699de59938e225322e151,2021-05-22T15:07:52Z,82512,83012
8f08d172c0c3d8ac60da9746cfadda143f470d32,1,82d78e55ae4f58268f11ffc41a8ae70ae824e0e9732f8dd702c04c93ecd11b94,2021-05-22T16:40:06Z,83040,83540
6c4d7be6ec3bb39dad5f014ef18e1ad099a22f3d,1,968c0b5847aa96b6c9868c4053c8003be1a926e1ae2b9322a1ad259a3bcfad83,2021-05-22T20:23:40Z,84333,84833
da47119bcf03bd408ad3add4a5b1bc68b645e9d6,1,3a7526b6dd6abb2488ee694b155e70e70def6822c0a8795169675754b47318c9,2021-05-22T20:26:03Z,84344,84844
173347babc75adcb7d2dd0170eba7252f3253314,1,306a92dfc3659e404b9fc971eb03e0ba23445324f28f9d01cd5f128960badfe8,2021-05-22T20:27:29Z,84350,84850
17874ea0f9f1423b217292046592d0c163c536d7,1,843ddd8a009446d5715327cf9d9880e96ba175d838ae3a59e1e35152fcbeab1c,2021-05-22T20:30:35Z,84361,84861
9a948b04feff02a12fff7f0e17ef611556c5c62d,1,34abf051b69f44bf3631600d5f7c4066ca3ee5e76e16ccd6d72ad44066955091,2021-05-22T20:33:29Z,84374,84874
8d6de55578413c9faffe53a6c7d79ea2650c15d5,1,a95c3a0300db0a0ad9485c4e0af4f38b56b0e94a3e7f28f060aaf38ca30a7444,2021-05-22T20:36:25Z,84387,84887
6f48e004e7f34a85a26d87d17694354cd710f34c,1,bf08660bc9196b795d0c43123544a0e8b86746f6c20aec8283fa8d7c59fc067d,2021-05-22T20:40:31Z,84407,84907
4e9604fe4292191511e2cd004ef652138f9b3d0e,1,728933717fdff49a4db0805aeb38281802f9c100e024eb9f2c0274ddcd10cef9,2021-05-23T01:08:11Z,85957,86457
1fb96deb36a2d2f068413cb86cfa4777c98f6113,1,8c53dde84104eeefac50c1cf4a5c49f19be0581913a7e8f099c02050b9f7b27e,2021-05-23T05:35:48Z,87505,88005
77449e5443d79aad0dafcefa908af90de5ebb54e,1,36a6ff44fb09bc54cfaee9df8d9e862d1c220edd7287f20d970204543210e7b5,2021-05-23T05:39:52Z,87524,88024
bf4d52c7ae63609850937a470b8ff2828d3677b6,1,adb527c7880fd8ca18423eaec98616cfb97f295f673197b8adc5f499fe5c5822,2021-05-23T05:43:42Z,87543,88043
ecaf4773745c9fd07f73467c488a943a634caaf8,1,e0b6f9a9c11f64e6fd2747c1960ee7193f86c4f41084a4e6c795486f9b71dc97,2021-05-23T10:11:25Z,89094,89594
f2e9b2a2dcbc889deb70a66d18fce182a86ec689,1,b05d4ca5c710051f84819b9912b380a3f90c44258757d39ab43f2161550e46cc,2021-05-23T14:39:11Z,90643,91143
60111de71f9a86f84c1f367108a2f7175f7f3d0a,1,e7ee7b418e7a78cba21e120920ffb931de4fc940d7f6f465ca337c57be21ed32,2021-05-23T19:06:55Z,92191,92691
f0f8d83cdab2f9514bef0319f1b434267be36b5c,31,c57d6b8049fec170a64136c492f4cbf8c8020059155d60cbc7b5c80a399d243a,2021-05-24T14:23:46Z,98885,98891
f0f8d83cdab2f9514bef0319f1b434267be36b5c,32,156d2272a0816453b37278b2c1e9965774c8ff66c3b430494a28d80696a381e5,2021-05-24T15:16:31Z,99213,135286
1f9840a85d5af5bf1d1762f925bdaddc4201f984,8,c0f019b3497412e49107b7eb8e01e72a29e54643aa1e109971c0db7495426539,2021-05-24T18:53:55Z,100452,100458
1f9840a85d5af5bf1d1762f925bdaddc4201f984,9,b499d66d6262e76d35a596d05a8b2a5c53a04431d71be767ab0d39b71c1d7ceb,2021-05-24T18:56:09Z,100465,100471
1f9840a85d5af5bf1d1762f925bdaddc4201f984,10,29a4637797076a0620ecf1f4c6565616bbdbb80ed12df36f4125efe9e12706ad,2021-05-24T19:13:33Z,100564,100570
1f9840a85d5af5bf1d1762f925bdaddc4201f984,11,7ad251e47a3995f696bd32e576df664ac54af5c689f1ef5a4c8ac5cfcad0aa73,2021-05-25T09:00:19Z,105384,105694
f0f8d83cdab2f9514bef0319f1b434267be36b5c,33,732493935542b276402ad380e905d5363df798e19342a4d59c057f02060de313,2021-05-25T09:21:40Z,105476,105482
5592ec0cfb4dbc12d3ab100b257153436a1f0fea,5,582feea0a4b5b6ebcb92bbd8241d2731043689f0ad4eaa5366f72a4e24c5ceec,2021-05-25T17:55:50Z,108442,108802
f0f8d83cdab2f9514bef0319f1b434267be36b5c,34,330380e77cbfde5149eecf3658066a1c4357ef73f3465ccdb98ef33203fde31b,2021-05-26T08:05:03Z,113372,126893
f0f8d83cdab2f9514bef0319f1b434267be36b5c,35,239887f2fa4fc623183a69731676c0bc2d4fc87b091c28355750b280f388ec7f,2021-05-26T15:57:31Z,116076,116082
1f9840a85d5af5bf1d1762f925bdaddc4201f984,12,410d078b148f19b7459ed0cc2e2e632c9972622f751c2624c51a8a10e7da9938,2021-05-27T09:43:11Z,122247,122253
1f9840a85d5af5bf1d1762f925bdaddc4201f984,13,8437cb42e92f17dfd87a5971ef754e9667a9145f505b38f580cb7dd7fb633fee,2021-05-27T10:04:44Z,122373,122379
1f9840a85d5af5bf1d1762f925bdaddc4201f984,14,54017ef6e8a3eb3e20b9a1772e10108bd51429781bc49c86890644e778c5fdcb,2021-05-27T10:52:07Z,122683,143222
f0f8d83cdab2f9514bef0319f1b434267be36b5c,36,d3763a93e9409e03235b49b4d32acb276a39199555c5d9a14ef60d9b0b2ed759,2021-05-27T11:06:04Z,122753,151575
1f9840a85d5af5bf1d1762f925bdaddc4201f984,15,52edb1a36d729d1d3e91e527e853f7086a500a1f0490fe4b1b5acc82db833029,2021-05-28T07:07:20Z,129727,151936
11a78d69fd9a7af188e3596558718d65afee116f,1,cfa48e9f7ddc95e82ce257de6d42e4cbf7e9664d48b95ba88608a67ade0c232f,2021-05-28T08:22:46Z,130124,130624
1f9840a85d5af5bf1d1762f925bdaddc4201f984,16,5bbe3247155905d6362e9989a0d384be8687fd38860f9a6858d9c5ffd237f9e7,2021-05-28T11:36:18Z,131270,135208
1f9840a85d5af5bf1d1762f925bdaddc4201f984,17,19cad60187f65d031ac1befac37a9d176ec7ed81d0742864a74c707b943f0a4e,2021-05-28T11:37:31Z,131282,135208
f0f8d83cdab2f9514bef0319f1b434267be36b5c,37,50e1273ba773a74a53bb7e16181191134dbd773349781dddaa0b09288c28c608,2021-05-28T12:47:40Z,131769,134860
1f9840a85d5af5bf1d1762f925bdaddc4201f984,18,fc03b9b02f0aae566c93836c42ec8c0ea06b113283f30401956dd2dff0896c28,2021-05-28T15:50:04Z,134923,143563
1f9840a85d5af5bf1d1762f925bdaddc4201f984,19,3c3aad69abba007b6b0596dca9fead2ed0817a51c64662a26d04c42376d93e80,2021-05-28T15:54:33Z,134849,143202
1f9840a85d5af5bf1d1762f925bdaddc4201f984,20,156138bc9bd3a064e26fb05cf76ff4e0b74971d6a24eb64e47373d0749256aaf,2021-05-28T15:57:19Z,134849,143202
1f9840a85d5af5bf1d1762f925bdaddc4201f984,21,df980e6880f0a46f4b12ea4a9959f75924c1fa5eea7cdc43d484952c998f2b82,2021-05-28T16:00:15Z,135197,151903
1f9840a85d5af5bf1d1762f925bdaddc4201f984,22,d22e5a71c27037df38f3b7803a4f4423b35b2c0361738c7f5a10cc75b01b3ca1,2021-05-28T16:00:46Z,135197,151903
f0f8d83cdab2f9514bef0319f1b434267be36b5c,38,513a8c345faeaa40bc3cfeade5577cc6885e21e09e7cd2a3009d9018050ca6e2,2021-05-28T16:04:54Z,135197,151903
1f9840a85d5af5bf1d1762f925bdaddc4201f984,23,0bcb2d4b6b2d7c37324f9b0383a1bcb35d69ace246090bab97f387e17b0b17ba,2021-05-28T16:40:08Z,134582,141782
f0f8d83cdab2f9514bef0319f1b434267be36b5c,39,f11a85f414bc7c4f62c56c3e69ef1ed3504afdee73d080c8eb641a3d4d2b91d1,2021-05-28T16:50:28Z,134838,143191
f0f8d83cdab2f9514bef0319f1b434267be36b5c,40,660eacc0c71cc409745bf1fb06448fed15bb78910900e5391dea00ad077c4807,2021-05-28T20:02:55Z,134153,134159
f0f8d83cdab2f9514bef0319f1b434267be36b5c,41,06945ea9e3d08756d55967e7e391fd7110b4b658ca17bc660639089fa1919921,2021-05-28T21:05:29Z,134515,134521
1f9840a85d5af5bf1d1762f925bdaddc4201f984,24,7ce5fb46d8a4f2affa8d5d418a31bd4958e1d379997db41d433585e4c3a3c125,2021-05-31T09:24:07Z,159227,173627
1f9840a85d5af5bf1d1762f925bdaddc4201f984,25,3d816c0c6fd0e5eec2dc36a5bdf6b42fc3a1cd2b2dcdf748e179e96c64eae058,2021-05-31T09:30:50Z,159982,177262
1f9840a85d5af5bf1d1762f925bdaddc4201f984,26,943e65a302080bc3b8e4a4e9c3933adec9668865c062538cd9c830ae570e8b6b,2021-05-31T09:33:05Z,155540,176537
f0f8d83cdab2f9514bef0319f1b434267be36b5c,42,c5b72361960775705d27bf083c9eda4c7ad45e98799133f8e279ed4cef245afd,2021-05-31T10:32:09Z,155864,155991
1f9840a85d5af5bf1d1762f925bdaddc4201f984,27,06ee198df6d7034d3f8a93e074857cbd7d7184599dc1309c7b83bf50abf08f0d,2021-05-31T10:51:48Z,155980,159819
6e894660985207feb7cf89faf048998c71e8ee89,1,d1fcacf797fc2af9d151367205dc37e043b009aedc94ba617f3ec38a6c0e206d,2021-05-31T11:02:29Z,156032,160167
28e1266bbcd884f8464d686d32c0e31f8e317aa3,1,fca315c4f3a5a2618adb0ba50d62c7c137cd19eaf8828d1f368ea22836d2aa5a,2021-05-31T11:04:13Z,156047,159819
6e894660985207feb7cf89faf048998c71e8ee89,2,d38621046c5e3238be7e9d09f67622730f421bf383d8c2ac5fdc9cbefdc470b4,2021-05-31T11:07:29Z,156084,176873
6e894660985207feb7cf89faf048998c71e8ee89,3,9604b96d04c2e3473b185e51f85cc08e677e5667c100912af5f5f443cae79f49,2021-05-31T11:11:27Z,156107,193578
6e894660985207feb7cf89faf048998c71e8ee89,4,44360f03e1ab3ffc6d2c29ccb371e5393ead62bd05cc00b6377509d01629f428,2021-05-31T11:13:11Z,160167,185225
6e894660985207feb7cf89faf048998c71e8ee89,5,d5d711bb9c7844538abd34c1b5eb9177994d1b4f7fc892eeed16095df8bd60db,2021-05-31T11:14:13Z,160167,185225
1f9840a85d5af5bf1d1762f925bdaddc4201f984,28,bdb17ea989323710038df51953b34db847a9aa21205dab3c41899eb7668def9b,2021-05-31T11:31:17Z,156223,159819
f0f8d83cdab2f9514bef0319f1b434267be36b5c,43,c837d72b32ec3d413f699a40ba1c7c3413ac544c8cda9c351bb89837da0854f8,2021-05-31T11:36:07Z,156252,156600
f0f8d83cdab2f9514bef0319f1b434267be36b5c,44,4530791a379d1448be3580feaff4c0e491401140c4ab31ced88e038ba1658a9a,2021-05-31T11:38:00Z,156275,156600
f0f8d83cdab2f9514bef0319f1b434267be36b5c,45,4de5e1cb60ef7295833d55c1e137bdc1eb05aff3f891e0480e4866da201087b1,2021-05-31T11:39:54Z,156281,156629
f0f8d83cdab2f9514bef0319f1b434267be36b5c,46,ace729290479003bf305bde0647e204f49aced51e2e15e40d942c391aaf09acc,2021-05-31T11:45:26Z,156339,156687
6e894660985207feb7cf89faf048998c71e8ee89,6,732f76cf1f4995dc3b521b63178ed390f4014e775e8b3363592bef818fa172e7,2021-05-31T12:36:27Z,156931,185225
715f08a18c8c2916afb39de63d5cf16f5bc78e2c,1,3192b11eda79f534e7f8a4450b9f029cc087efde988e4b32a0857891d0e4c8a7,2021-05-31T13:36:06Z,156929,215359
f0f8d83cdab2f9514bef0319f1b434267be36b5c,47,9997e782d396e92281488bd8ccd9cfd0f8f57ed1430a5d2cd07ce3aec90ebaca,2021-06-01T14:59:51Z,168521,176874
7632296e1151146423c4a9fc477f8edb12f1f547,1,193410b48d5bba53cc44ddd19b8cc56dbf948c512ad709b2f526578c8c418ef1,2021-06-01T17:06:11Z,166481,224911
f0f8d83cdab2f9514bef0319f1b434267be36b5c,48,288f52b6bd859455d71ae6c4ecf201fe1268a4e826b7281e8ea9c00f2a371846,2021-06-01T17:41:41Z,166697,252056
f0f8d83cdab2f9514bef0319f1b434267be36b5c,49,f128b9db8525215da84af8f47afe5bbcac093a55866cb273b2e99d5dba136bb7,2021-06-02T14:03:35Z,176527,369764
f0f8d83cdab2f9514bef0319f1b434267be36b5c,50,fed5f742fb87855784a9726a94df9d06582af8c38da83275cef57ec45d25cf79,2021-06-02T15:55:08Z,235360,596047
f0f8d83cdab2f9514bef0319f1b434267be36b5c,51,29774e33aa714cacc3f1868fbaae90a7f74f58f2fa18d2bd2ab0ac2c95831adf,2021-06-02T15:57:22Z,176874,537561
f0f8d83cdab2f9514bef0319f1b434267be36b5c,52,cee32a8f2541e79672ef89ede00413fced14f378254546b2218a0e63fe55a85e,2021-06-03T08:19:52Z,184879,293496
29dc4923fe62cbc28b94c2c075a6e68f040f7644,1,3ca3595a19db17534ddc2f787c2659e4a1e51777f9d2e0d4b158c6aaa5973098,2021-06-04T10:03:15Z,189112,382342
29dc4923fe62cbc28b94c2c075a6e68f040f7644,2,be5b63e10fcb61743800922adbfa4a5fe9043d3ab77f8ddfc1d1e5ee96eafef4,2021-06-04T10:17:44Z,189199,378427
29dc4923fe62cbc28b94c2c075a6e68f040f7644,3,fa0004a660ace49eb25b137d92a726f9622b146df72b9037b2c48471de10b418,2021-06-04T10:27:33Z,189246,378549
f0f8d83cdab2f9514bef0319f1b434267be36b5c,53,b9cdd244f0c0e697b67020e62ac6503bef8cd5c0d13b19b557e5642c3e59caa9,2021-06-04T12:01:02Z,190097,193231
f0f8d83cdab2f9514bef0319f1b434267be36b5c,54,8eab28581e693b0f94ad01284eb47d8a4035ae01f36d1420d2baadd0b7034673,2021-06-04T12:10:21Z,189828,209937
f0f8d83cdab2f9514bef0319f1b434267be36b5c,55,5fbaf36e5d2f05f4a6111a0ef2a7f02579fa4cf416257467ad51802c710ed26d,2021-06-04T14:43:15Z,190724,193231
c778417e063141139fce010982780140aa0cd5ab,2,1410414366821288aaf57702bd25df483b30f15e6da6f32f3eee73d2a5f94d66,2021-06-04T15:30:30Z,191003,384234
